titulo,autor,ubicacion,portada,categoria
1978 EL EJERCITO DE LAS TRINCHERAS,ACADEMIA DE HISTORIA MILITAR,PA-A01,portadas/1978_EJTO_TRINCHERAS.JPG,"HISTORIA, CHILE, CONFLICTO BEAGLE "
MI LUCHA,ADOLF HITLER,PA-A02,portadas/MI_LUCHA.JPG,"ENSAYO, FILOSOFIA, POLITICA, BIOGRAFIA"
CONVERSACIONES SOBRE LA GUERRA Y LA PAZ TOMO I,ADOLF HITLER,PA-A03,portadas/CONVERSACIONES_I.JPG,"ENSAYO, FILOSOFIA, POLITICA"
CONVERSACIONES SOBRE LA GUERRA Y LA PAZ TOMO II,ADOLF HITLER,PA-A04,portadas/CONVERSACIONES_II.JPG,"ENSAYO, FILOSOFIA, POLITICA"
LA CAIDA DE CARTAGO,ADRIAN GOLDSWORTHY,PA-A05,portadas/LA_CAIDA.JPG,"HISTORIA, ENSAYO"
GLOBALISMO,AGUSTIN LAJE,PA-A06,portadas/GLOBALISMO.JPG,"POLITICA, ENSAYO"
CLEOPATRA ,ALBERTO ANGELA,PA-A07,portadas/CLEOPATRA.JPG,"HISTORIA, NOVELA, EGIPTO"
MARTIN RIVAS,ALBERTO BLEST GANA,PA-A08,portadas/MARTINRIVAS.JPG,"NOVELA, CHILE, CLASICO"
 LA FRONDA ARISTOCRATICA EN CHILE,ALBERTO EDWARDS VIVES,PA-A09,portadas/LAFRONDA.JPG,"HISTORIA, ENSAYO, CHILE"
EL TRATADO DE 1904,ALBERTO MAYER,PA-A10,portadas/ELTRATADO1904.JPG,"ENSAYO, HISTORIA, POLITICA"
SEÑALES DE ESPERANZA,ALEJANDRO BULLON,PA-A11,portadas/SENALESDEESPERANZABULLON.JPG,"ENSAYO, AUTOAYUDA"
POETA CHILENO,ALEJANDRO ZAMBRA,PA-A12,portadas/POETACHILENO.JPG,"NOVELA, CHILE"
EL CHILE PERPLEJO,ALFREDO JOCELYN HOLT,PA-A13,portadas/ELCHILEPERPLEJO.JPG,"ENSAYO, HISTORIA, POLITICA, CHILE"
LA ARAUCANA,ALONSO DE ERCILLA Y ZUÑIGA,PA-A14,portadas/LAARAUCANA.JPG,"POEMA, EPICO, CHILE, CONQUISTA"
AMI EL NIÑO DE LAS ESTRELLAS,AMI,PA-A15,portadas/AMI.JPG,"NOVELA, FANTASIA"
DIOSES Y HEROES DE LA MITOLOGIA GRIEGA,ANA MARIA SHUA,PA-A16,portadas/DIOSESYHEROES.JPG,"NOVELA, MITOLOGIA"
FRAGATA COCHRANE,ANDRES VALENZUELA,PA-A17,portadas/FRAGATACOCHRANE.JPG,"NOVELA, HISTORIA, MILITAR"
CHURCHILL LA BIOGRAFIA,ANDREW ROBERTS,PA-A18,portadas/CHURCHILL.JPG,BIOGRAFIA
ALL THE LIGHT WE CANNOT SEE,ANTHONY DOERR,PA-A19,portadas/ALLTHELIGHTS.JPG,"NOVELA, INGLES, HISTORIA, SEGUNDA GUERRA MUNDIAL"
EL PRINCIPITO,ANTOINE DE SAINT EXUPERY,PA-A20,portadas/ELPRINCIPITO_I.JPG,"NOVELA, FANTASIA, CLASICO"
EL PRINCIPITO,ANTOINE DE SAINT EXUPERY,PA-A21,portadas/ELPRINCIPITO_II.JPG,"NOVELA, FANTASIA, CLASICO"
TEATRO BREVE Y CONTENPORANEO ARGENTINO,ANTOLOGIA ,PA-A22,portadas/TEATROBREVE.JPG,"TEATRO, ARTE, ANTOLOGIA"
ARDIENTE PACIENCIA,ANTONIO SKARMETA,PA-A23,portadas/ARDIENTE_I.JPG,NOVELA
ARDIENTE PACIENCIA,ANTONIO SKARMETA,PA-A24,portadas/ARDIENTE_II.JPG,NOVELA
ARDIENTE PACIENCIA,ANTONIO SKARMETA,PA-A25,portadas/ARDIENTE_III.JPG,NOVELA
UN ESCRITOR EN GUERRA,ANTONY BEEVOR,PA-A26,portadas/UNESCRITOR.JPG,"HISTORIA, NOVELA, MILITAR, NO FICCION"
STALINGRADO,ANTONY BEEVOR,PA-A27,portadas/STALINGRADO.JPG,"HISTORIA, NOVELA, MILITAR, NO FICCION"
BERLIN LA CAIDA 1945,ANTONY BEEVOR,PA-A28,portadas/BERLINLACAIDA.JPG,"HISTORIA, NOVELA, MILITAR, NO FICCION"
CRETA,ANTONY BEEVOR,PA-A29,portadas/CRETA.JPG,"HISTORIA, NOVELA, MILITAR, NO FICCION"
METAFISICA,ARISTOTELES,PA-A30,portadas/METAFISICA.JPG,"ENSAYO, CIENCIA, CLASICO, FILOSOFIA"
2001 UNA ODISEA ESPACIAL,ARTHUR C. CLARKE,PA-A31,portadas/2001.JPG,"NOVELA, CIENCIA FICCION, CLASICO"
SOBRE LA CUADRUPLE RAIZ DEL PRINCIPIO DE RAZON SUFICIENTE,ARTHUR SCHOPENHAUER,PA-A32,portadas/SOBRELACUADRUPLE.JPG,"FILOSOFIA, CLASICO"
VETERANOS DE 1978,ARTURO NAHUEL ROJAS,PA-A33,portadas/VETERANOSDE1978.JPG,"HISTORIA, ENSAYO, CHILE, CONFLICTO BEAGLE, MILITAR"
HOMBRES FACHOS,ARTURO RUIZ,PA-A34,portadas/HOMBRESFACHOS.JPG,"ENSAYO, POLITICA"
CAMINO RECORRIDO TOMO I,AUGUSTO PINOCHET,PA-A35,portadas/CAMINORECORRIDO_I.JPG,"BIOGRAFIA, CHILE, MILITAR"
CAMINO RECORRIDO TOMO II,AUGUSTO PINOCHET,PA-A36,portadas/CAMINORECORRIDO_II.JPG,"BIOGRAFIA, CHILE, MILITAR"
CAMINO RECORRIDO TOMO III,AUGUSTO PINOCHET,PA-A37,portadas/CAMINORECORRIDO_III.JPG,"BIOGRAFIA, CHILE, MILITAR"
EL ODIO A LOS RICOS,AXEL KAISER,PA-A38,portadas/ELODIOALOSRICOS.JPG,"ENSAYO, POLITICA, CHILE"
ALEMANES EN VALPARAISO 1830-1930,BALDOMERO ESTRADA TURRA,PA-A39,portadas/ALEMANESENVALPARAISO.JPG,"HISTORIA, CHILE"
SUBTERRA,BALDOMERO LILLO,PA-A40,portadas/SUBTERRA.JPG,"NOVELA, CHILE"
EL SOCIALISMO EN CHILE,BELARMINO ELGUETA,PA-A41,portadas/ELSOCIALISMOENCHILE.JPG,"ENSAYO, POLITICA, CHILE"
ESTA HISTORIA ES MI HISTORIA,BELISARIO VELASCO,PA-A42,portadas/ESTAESMIHISTORIA.JPG,"BIOGRAFIA, POLITICA"
EL ARTE DE SACAR LA VUELTA,BENJAMIN CHACANA PONCE,PA-A43,portadas/ELARTEDESACARLAVUELTA.JPG,"AUTOAYUDA, CRITICA"
ESTAMBUL,BETTANY HUGHES,PA-A44,portadas/ESTAMBUL.JPG,HISTORIA
EL ULTIMO VIRREY DEL PERU,BRUNO POLACK,PA-A45,portadas/ELULTIMOVIRREY.JPG,"ENSAYO, HISTORIA, POLITICA, MILITAR"
LO MARAVILLOSO EN LOS JUEGOS DE AZAR ,C. DE VESME,PA-A46,portadas/LOMARAVILLOSODELOS.JPG,ESOTERICO 
EL LIBRO ROJO,CARL GUSTAV JUNG,PA-A47,portadas/ELLIBROROJO.JPG,PSICOLOGIA
SOBRE EL AMOR,CARL GUSTAV JUNG,PA-A48,portadas/SOBREELAMOR.JPG,PSICOLOGIA
LIBIDO SUEÑOS E INCONSCIENTE COLECTIVO,CARL GUSTAV JUNG,PA-A49,portadas/SUENOSEINCOSCIENTE.JPG,PSICOLOGIA
ARQUETIPOS E INCONSCIENTE COLECTIVO,CARL GUSTAV JUNG,PA-A50,portadas/ARQUETIPOSEINCONSCIENTE.JPG,PSICOLOGIA
LAS CLAVES SECRETAS DE SHAKESPEARE,CARLOS BASSO,PA-A51,portadas/LASCLAVESDESHAKE.JPG,"NOVELA, HISTORIA, THRILLER"
EL ARTE DE ENSOÑAR,CARLOS CASTANEDA,PA-A52,portadas/ELARTEDEENSONAR.JPG,"NOVELA, ESOTERICO"
ESTAMOS HECHOS DE LENGUAJE,CARME JIMENEZ HUERTAS,PA-A53,portadas/ESTAMOSHECHOSDE.JPG,"ENSAYO, PSICOLOGIA, CIENCIAS SOCIALES"
GUERREROS CIVILIZADORES,CARMEN MC EVOY,PA-A54,portadas/GUERREROSCIVILIZADORES.JPG,"ENSAYO, HISTORIA, POLITICA, MILITAR, CIENCIAS SOCIALES"
COMPENDIUM BUKOWSKI,CHARLES BUKOWSKI,PA-A55,portadas/COMPENDIUMCHARLES.JPG,"NOVELA, CLASICO"
RAMSES LA DAMA DE ABU SIMBEL,CHRISTIAN JACQ,PA-A56,portadas/RAMSES.JPG,"NOVELA, HISTORIA, FICCION"
USOS Y COSTUMBRES DE LOS ARAUCANOS,CLAUDIO GAY,PA-A57,portadas/USOSYCOSTUMBRES.JPG,"ENSAYO, HISTORIA, CIENCIAS SOCIALES"
1817 DE MENDOZA A CHACABUCO,CRISTIAN GUERRERO LIRA,PA-A58,portadas/DEMENDOZAACHACABUCO.JPG,"ENSAYO, HISTORIA, MILITAR"
AUSTRIA A SOLDIER'S GUIDE,CZERNIN,PA-A59,portadas/AUSTRIAASOLDIERS.JPG,"HISTORIA, NO FICCION"
ROBINSON CRUSOE,DANIEL DEFOE,PA-A60,portadas/ROBINSONCRUSOE.JPG,"NOVELA, FICCION, CLASICO, INGLES"
¿Y PORQUE NOT?,DANIEL FAJARDO,PA-A61,portadas/YPORQUENOT.JPG,"AUTOAYUDA, LIDERAZGO"
RUIDO UN FALLO EN EL JUICIO HUMANO,DANIEL KAHNEMAN,PA-A62,portadas/RUIDO.JPG,"AUTOAYUDA, PSICOLOGIA"
PENSAR RAPIDO PENSAR DESPACIO,DANIEL KAHNEMAN,PA-B01,portadas/PENSARRAPIDO.JPG,"AUTOAYUDA, PSICOLOGIA"
INFERNO,DANTE ALIGHIERI,PA-B02,portadas/INFERNO.JPG,"POESIA, EPICO, LITERATURA, CLASICO"
COMEDIA,DANTE ALIGHIERI,PA-B03,portadas/COMEDIA.JPG,"POESIA, EPICO, LITERATURA, CLASICO"
LA GUERRA DE HITLER,DAVID IRVING,PA-B04,portadas/LAGUERRADEHITLER.JPG,"HISTORIA, MILITAR, BIOGRAFIA, NO FICCION"
TOKIO AÑO CERO,DAVID PEACE,PA-B05,portadas/TOKIOANOCERO.JPG,"NOVELA, THRILLER, FICCION, HISTORIA"
EL RETORNO DE MERLIN,DEEPAK CHOPRA,PA-B06,portadas/ELRETORNODEMERLIN.JPG,"NOVELA, FICCION, FANTASIA"
EDDA MAYOR,DESCONOCIDO,PA-B07,portadas/EDDAMAYOR.JPG,"POESIA, EPICO, MITOLOGIA, CLASICO"
BHAGAVADGITA,DESCONOCIDO,PA-B08,portadas/BHAGAVAD.JPG,"POESIA, EPICO, MITOLOGIA, CLASICO"
NUEVO TESTAMENTO,DESCONOCIDO,PA-B09,portadas/NUEVOTESTAMENTO.JPG,"POESIA, EPICO, MITOLOGIA, CLASICO"
BECHAMEL MUCHO,DIMITRI VERHULST,PA-B10,portadas/BECHAMELMUCHO.JPG,"NOVELA, HOLANDES"
THE POWER OF THE DOG,DON WINSLOW,PA-B11,portadas/THEPOWEROFTHEDOG.JPG,"NOVELA, THRILLER, FICCION, POLITICA, INGLES"
CIUDAD EN LLAMAS,DON WINSLOW,PA-B12,portadas/CIUDADENLLAMAS.JPG,"NOVELA, THRILLER, FICCION, POLITICA"
NARRACIONES EXTRAORDINARIAS,EDGAR ALLAN POE,PA-B13,portadas/NARRACIONESEXTRAORDINARIAS.JPG,"ANTOLOGIA, TERROR, FICCION"
RUNENKUNDE,EDMUND WEBER,PA-B14,portadas/RUNNENKUNDEEDMUND.JPG,"ALEMAN, ESOTERICO"
RUNENKUNDE,EDMUND WEBER,PA-B15,portadas/RUNNENKUNDEEDMUND.JPG,"ALEMAN, ESOTERICO"
CHILE AL ROJO,EDUARDO LABARCA,PA-B16,portadas/CHILEALROJO.JPG,"ENSAYO, POLITICA"
LOS OJOS DE LA VERDAD,ELEODORO SANHUEZA,PA-B17,portadas/LOSOJOSDELAVERDAD.JPG,"ENSAYO, HISTORIA"
LA GENERACION FUSILADA,EMILIANO VALENZUELA,PA-B18,portadas/LAGENERACIONFUSILADA.JPG,"ENSAYO, HISTORIA, POLITICA, CHILE"
ELOGIO DE LA LOCURA,ERASMO DE ROTTERDAM,PA-B19,portadas/ELOGIODELALOCURA.JPG,"ENSAYO, FILOSOFIA"
HISTORIA DEL SIGLO XX,ERIC HOBSBAWM,PA-B20,portadas/HISTORIADELSIGLOXX.JPG,"ENSAYO, HISTORIA"
EL ALMANAQUE DE NAVAL RAVIKANT,ERIC JORGENSON,PA-B21,portadas/ELAMANAQUE.JPG,"AUTOAYUDA, FILOSOFIA"
DESARROLLO ECONOMICO,ERIK HAINDL,PA-B22,portadas/DESARROLLOECONOMICO.JPG,ECONOMIA
HISTORIA POLITICA Y ECONOMICA DE CHILE 1540-2020,ERIK HAINDL,PA-B23,portadas/HISTORIAPOLITICA.JPG,"HISTORIA, POLITICA, CHILE"
TEMPESTADES DE ACERO,ERNST JUNGER,PA-B24,portadas/TEMPESTADESDECACERO.JPG,"HISTORIA, NOVELA, NO FICCION, PRIMERA GUERRA MUNDIAL"
FRANCISCO PIZARRO,ESTEBAN MIRA CEBALLOS,PA-B25,portadas/FRANCISCOPIZARRO.JPG,"BIOGRAFIA, HISTORIA, NO FICCION"
ANGAMOS EL DIA QUE SE CAZO AL HUASCAR,FABIAN BERRIOS VILLALON,PA-B26,portadas/ANGAMOS.JPG,"HISTORIA, GUERRA DEL PACIFICO, CHILE"
ARTE Y TEOLOGIA,FEDERICO AGUIRRE ROMERO,PA-B27,portadas/ARTEYTEOLOGIA.JPG,"ENSAYO, NO FICCION, ARTE"
MONTECASSINO,FELIPE BOTAYA,PA-B28,portadas/MONTECASSINO.JPG,"NOVELA, HISTORIA, MILITAR, SEGUNDA GUERRA MUNDIAL"
LA ESPADA DEL ARCA,FELIPE BOTAYA,PA-B29,portadas/LAESPADADELARCA.JPG,"NOVELA, FICCION, HISTORIA"
GARDEL,FELIPE PIGNA,PA-C01,portadas/GARDEL.JPG,BIOGRAFIA 
HISTORIA DE LA REPUBLICA DE CHILE VOLUMEN I,FERNANDO SILVA,PA-C02,portadas/HISTORIADELAREPUBLICADECHILE.JPG,"HISTORIA, POLITICA, CHILE"
INSURRECCION,FERNANDO VILLEGAS,PA-C03,portadas/INSURRECION.JPG,"ENSAYO, NO FICCION, CRITICA, POLITICA"
MARCHEN AUS OSTERREICH,FISCHER,PA-C04,portadas/MARCHEN.JPG,"CULTURA, AUSTRIA, ALEMAN"
LA CASA NEVILLE,FLORENCIA BONELLI,PA-C05,portadas/LACASANEVILLE.JPG,"NOVELA, ROMANCE"
CONTRIBUCION AL ESTUDIO DE LA PREHISTORIA UNIVERSAL,FLORENCIO DE BASALDUA,PA-C06,portadas/CONTRIBUCION.JPG,ESOTERICO
LEON BAVARO: LAS PERIPECIAS DE UN SOLDADO DE NAPOLEON,FRANCISCA HERNANDEZ BUSSE,PA-C07,portadas/LEONBAVARO.JPG,"HISTORIA, EUROPA, MILITAR"
ALEJANDRO MAGNO,FRANCISCO JAVIER NAVARRO,PA-C08,portadas/ALEJANDROMAGNO.JPG,"BIOGRAFIA, HISTORIA, NO FICCION, MILITAR, POLITICA"
LOGIA,FRANCISCO ORTEGA,PA-C09,portadas/LOGIA_I.JPG,"NOVELA, THRILLER, HISTORIA"
LOGIA,FRANCISCO ORTEGA,PA-C10,portadas/LOGIA_II.JPG,"NOVELA, THRILLER, HISTORIA"
PENSAR DESDE EL ARTE,FRANÇOIS FEDIER,PA-C11,portadas/PENSARDESDEELARTE.JPG,"ENSAYO, FILOSOFIA"
DUNE,FRANK HERBERT,PA-C12,portadas/DUNE.JPG,"NOVELA, CIENCIA FICCION"
EL MESIAS DE DUNE,FRANK HERBERT,PA-C13,portadas/ELMESIASDEDUNE.JPG,"NOVELA, CIENCIA FICCION"
EL VIAJERO Y SU SOMBRA,FRIEDRICH NIETZCHE,PA-C14,portadas/ELVIAJERO.JPG,"FILOSOFIA, CLASICO"
ASI HABLABA ZARATRUSTRA,FRIEDRICH NIETZSCHE,PA-C15,portadas/ASIHABLABAZARA.JPG,"FILOSOFIA, CLASICO"
RELATO DE UN NAUFRAGO,GABRIEL GARCIA MARQUEZ,PA-C16,portadas/REALTODEUNNAUFRAGO.JPG,"CRONICA, NO FICCION"
VIVIR PARA CONTARLA,GABRIEL GARCIA MARQUEZ,PA-C17,portadas/VIVIRPARACONTARLO.JPG,BIOGRAFIA
TALA,GABRIELA MISTRAL,PA-C18,portadas/TALA.JPG,POESIA
UN HEROE VAGABUNDO,GARBO,PA-C19,portadas/UNHEROEVAGA.JPG,LITERATURA
JUJUTSU KAISEN 1,GEGE AKUTAMI,PA-C20,portadas/JUJUTSUI.JPG,MANGA
JUJUTSU KAISEN 2,GEGE AKUTAMI,PA-C21,portadas/JUJUTSUII.JPG,MANGA
1984,GEORGE ORWELL,PA-C22,portadas/1984.jpg,"NOVELA, CIENCIA FICCION, POLITICA"
COLISEO POLITICO RETRATOS DEL PODER EN CHILE,GERMAN SILVA CUADRA,PA-C23,portadas/COLISEOPOLITICO.JPG,"ENSAYO, CRONICA, NO FICCION, POLITICA"
COCHRANE VS CTHULHU,GILBERTO VILLAROEL,PA-C24,portadas/COCHRANE.JPG,"NOVELA, FICCION, HISTORIA"
EDUCACION MILITAR EN EL SIGLO XXI,GONZALO SANTELICES,PA-C25,portadas/LAED.JPG,"ENSAYO, MILITAR, CIENCIAS POLITICAS"
PRACTICANDO YOGA,GRUPO EDITORIAL TOMO,PA-C26,portadas/PACTICANDO.JPG,AUTOAYUDA 
LA SOMBRA DE PATRICIO LYNCH,GUILLERMO PARVEX,PA-C27,portadas/LASOMBRA.JPG,"HISTORIA, MILITAR, NO FICCION"
ASALTO FINAL,GUILLERMO PARVEX,PA-C28,portadas/ASALTOFINAL.JPG,"NO FICCION, HISTORIA, MILITAR, CHILE"
FRONTERA SUR,GUILLERMO PARVEX,PA-C29,portadas/FRONTERASUR.JPG,"HISTORIA, MILITAR, NO FICCION"
INVASION DEL GULUMAPU,GUILLERMO PARVEX,PA-C30,portadas/INVASIONDEL.JPG,"HISTORIA, MILITAR, NO FICCION"
TENIENTE HERNAN MERINO,GUILLERMO PARVEX,PA-C31,portadas/TENIENTEHERNA.JPG,"HISTORIA, MILITAR, NO FICCION"
UN VETERANO DE TRES GUERRAS,GUILLERMO PARVEX,PA-C32,portadas/UNVETERANO.JPG,"HISTORIA, MILITAR, NO FICCION"
SERVICIO SRCRETO CHILENO,GUILLERMO PARVEX,PA-C33,portadas/SERVICIOSECRETO.JPG,"HISTORIA, MILITAR, NO FICCION"
EL ROSTRO VERDE,GUSTAV MEYRINK,PA-C34,portadas/ELTROSTRO.JPG,"NOVELA, ESOTERICO"
EL ROSTRO VERDE,GUSTAV MEYRINK,PA-C35,portadas/ELTROSTRO.JPG,"NOVELA, ESOTERICO"
MADAME BOVARY,GUSTAVE FLAUBERT,PA-C36,portadas/MADAMEBOVARY.JPG,"NOVELA, FICCION"
CHINA EL IMPERIO DE LAS MENTIRAS,GUY SORMAN,PA-C37,portadas/ELIMPERIO.JPG,"CRITICA, ENSAYO, NO FICCION, POLITICA"
THE TIME MACHINE,H.G. WELLS,PA-C38,portadas/THETIMEMACHINE.JPG,"NOVELA, CIENCIA FICCION, CLASICO, INGLES"
LA GUERRA DE LOS MUNDOS ,H.G. WELLS,PA-C39,portadas/LAGUERRADELOS.JPG,"NOVELA, CIENCIA FICCION, CLASICO"
EL CASO DE CHARLES DEXTER WARD,H.P. LOVECRAFT,PA-C40,portadas/ELCASODE.JPG,"NOVELA, CIENCIA FICCION, TERRROR, CLASICO"
NARRATIVA COMPLETA 1,H.P. LOVECRAFT,PA-C41,portadas/LOVECRAFTI.JPG,"NOVELA, CIENCIA FICCION, TERROR, CLASICO"
NARRATIVA COMPLETA 2,H.P. LOVECRAFT,PA-C42,portadas/LOVECRAFTI.JPG,"NOVELA, CIENCIA FICCION, TERROR,CLASICO"
NARRATIVA COMPLETA 3,H.P. LOVECRAFT,PA-C43,portadas/LOVECRAFTI.JPG,"NOVELA, CIENCIA FICCION, TERROR, CLASICO"
EL MITO DE CTUHULHU,H.P. LOVECRAFT ,PA-C44,portadas/LOSMITOSDE.JPG,"NOVELA, CIENCIA FICCION, TERROR"
RUNENKUNDE,HEINAR SCHILLING,PA-C45,portadas/RUNENKUNDE.JPG,"ESOTERICO, ALEMAN"
RUNENKUNDE,HEINAR SCHILLING,PA-C46,portadas/RUNENKUNDE.JPG,"ESOTERICO, ALEMAN"
TEJAS VERDES,HERNAN VALDES,PA-C47,portadas/TEJASVERDES.JPG,"CRONICA, NO FICCION, HISTORIA"
EL DIARIO DE LA POSGUERRA EN LA PRISION,HIDEKI TOJO,PA-C48,portadas/MIDIARIO.JPG,"BIOGRAFIA, SEGUNDA GUERRA MUNDIAL "
LA ODISEA ,HOMERO,PA-C49,portadas/LAODISEA.JPG,"HISTORIA, GRECIA, CLASICO"
ESPEJISMO,HUGH HOWEY,PA-C50,portadas/ESPEJISMO.JPG,"NOVELA, CIENCIA FICCION"
DESCENSO A LOS INFIERNOS,IAN KERSHAW,PA-C51,portadas/DESCENSOALOS.JPG,"HISTORIA, PRIMERA GUERRA MUNDIAL, SEGUNDA GUERRA MUNDIAL, EUROPA"
HISTORIAS DEL IMPERIO ROMANO,IÑAKI SANTAMARIA CARBAJO,PA-C52,portadas/IÑAKI.JPG,"NOVELA, HISTORIA, ROMA"
SANGRE PRETORIANA,IÑAKI SANTAMARIA CARBAJO,PA-C53,portadas/SANGREPRETO.JPG,"NOVELA, HISTORIA, ROMA"
TRIOLOGIA IMPERIO,ISAAC ASIMOV,PA-C54,portadas/TRILOGIAIMPERIO.JPG,"NOVELA, CIENCIA FICCION, CLASICO"
FRONTERAS Y OTROS ENSAYOS,ISAAC ASIMOV,PA-C55,portadas/FRONTERASYOTROS.JPG,"NOVELA, CIENCIA FICCION "
ANOCHECER Y OTROS CUENTOS,ISAAC ASIMOV,PA-C56,portadas/ANOCHECERYOTROS.JPG,"NOVELA, CIENCIA FICCION "
TRIOLOGIA DE LA FUNDACION,ISAAC ASIMOV,PA-C57,portadas/TRILOGIAFUNDACION.JPG,"NOVELA, CIENCIA FICCION, CLASICO"
THE CAVES OF STEEL,ISAAC ASIMOV,PA-C58,portadas/THECAVESOF.JPG,"NOVELA, CIENCIA FICCION, INGLES"
ANTES DE LA EDAD DE ORO,ISAAC ASIMOV,PA-C59,portadas/ANTESDELAEDAD.JPG,"NOVELA, CIENCIA FICCION "
VIAJE ALUCINANTE,ISAAC ASIMOV,PA-C60,portadas/VIAJEALUCINANTE.JPG,"NOVELA, CIENCIA FICCION "
HIJO DEL TIEMPO,ISAAC ASIMOV,PA-C61,portadas/HIJODEL.JPG,"NOVELA, CIENCIA FICCION "
EL ROBOT HUMANO,ISAAC ASIMOV,PA-C62,portadas/ELROBOT.JPG,"NOVELA, CIENCIA FICCION "
EL HOMBRE BICENTENARIO ,ISAAC ASIMOV,PA-D01,portadas/ELHOMBRE.JPG,"NOVELA, CIENCIA FICCION "
YO ROBOT,ISAAC ASIMOV,PA-D02,portadas/YOROBOT.JPG,"NOVELA, CIENCIA FICCION "
ROBOTS E IMPERIO,ISAAC ASIMOV,PA-D03,,"NOVELA, CIENCIA FICCION "
FUNDACION ,ISAAC ASIMOV,PA-D04,,"NOVELA, CIENCIA FICCION "
FUNDACION E IMPERIO,ISAAC ASIMOV,PA-D05,,"NOVELA, CIENCIA FICCION "
FUNDACION Y TIERRA ,ISAAC ASIMOV,PA-D06,,"NOVELA, CIENCIA FICCION "
PRELUDIO A LA FUNDACION ,ISAAC ASIMOV,PA-D07,,"NOVELA, CIENCIA FICCION "
HACIA LA FUNDACION,ISAAC ASIMOV,PA-D08,,"NOVELA, CIENCIA FICCION "
EL HOBBIT,J.R.R TOLKIEN,PA-D09,,FANTASIA
COLMILLO BLANCO,JACK LONDON,PA-D10,,"NOVELA, CLASICO"
HITLER EN CANARIAS ?,JAIME RUBIO ROSALES,PA-D11,,"HISTORIA, SEGUNDA GUERRA MUNDIAL"
MAZE RUNNER CORRER O MORIR,JAMES DASHNER,PA-D12,,"NOVELA, CIENCIA FICCION"
MAZE RUNNER PRUEBA DE FUEGO,JAMES DASHNER,PA-D13,,"NOVELA, CIENCIA FICCION"
"DESDE LAS CENIZAS: VIDA, MUERTE Y TRANSFIGURACION DE LA DEMOCRACIA EN CHILE 1833-1988",JAMES R. WHELAN,PA-D14,,"HISTORIA, POLITICA, CHILE"
EL DESPERTAR DEL LEVIATAN,JAMES S. A. COREY,PA-D15,,"NOVELA, CIENCIA FICCION "
ROMA INVICTA,JAVIER NEGRETE,PA-D16,,"NOVELA, HISTORIA, ROMA"
LATIDOS,JAVIER RUESCAS,PA-D17,,NOVELA
MITOLOGIA MAYA,JAVIER TAPIA,PA-D18,,MITOLOGIA 
MITOLOGIA VIKINGA,JAVIER TAPIA,PA-D19,,MITOLOGIA 
LA REVOLUCION FRANCESA,JEAN CLEMENT MARTIN,PA-D20,,"ENSAYO, HISTORIA"
WAFFEN SS ,JEAN LUC LELEU,PA-D21,,"HISTORIA, SEGUNDA GUERRA MUNDIAL"
ENSAYO SOBRE EL FRACASO HISTORICO DE LA DEMOCRACIA EN EL SIGLO XXI,JESUS G. MAESTRO,PA-D22,,"ENSAYO, HISTORIA, POLITICA"
HISTORIA UNIVERSAL FREAK,JOAQUIN BARAÑAO,PA-D23,,"HISTORIA, ENSAYO"
VALPARAISO,JOAQUIN EDWARDS BELLO,PA-D24,,"NOVELA, CHILE"
LA REVOLUCION INCONCLUSA TOMO 1,JOAQUIN FERMANDOIS,PA-D25,,"ENSAYO, HISTORIA, POLITICA, CHILE"
LA REVOLUCION INCONCLUSA TOMO 2,JOAQUIN FERMANDOIS,PA-D26,,"ENSAYO, HISTORIA, POLITICA, CHILE"
LA REVOLUCION INCONCLUSA TOMO 3,JOAQUIN FERMANDOIS,PA-D27,,"ENSAYO, HISTORIA, POLITICA, CHILE"
EL NIÑO CON PIJAMA DE RAYAS,JOHN BOYNE,PA-E01,,"NOVELA, HISTORIA"
COMPRENDER LOS CONCEPTOS BASICOS DE LA ECONOMIA,JOHN CHARLES POOL,PA-E02,,ECONOMIA 
EL PARAISO PERDIDO,JOHN MILTON,PA-E03,,"ENSAYO, POESIA"
YGDRASIL,JORGE BARADIT,PA-E04,,"NOVELA, CIENCIA FICCION "
LA GUERRA INTERIOR,JORGE BARADIT,PA-E05,,NOVELA 
KALFUKURA EL CORAZON DE LA TIERRA,JORGE BARADIT,PA-E06,,NOVELA
SE LAS HECHO EL BUIN,JORGE INOSTROSA,PA-E07,,"NOVELA, HISTORIA, GUERRA DEL PACIFICO, CHILE, MILITAR"
ADIOS AL SEPTIMO DE LINEA TOMO 1,JORGE INOSTROSA ,PA-E08,,"NOVELA, HISTORIA, GUERRA DEL PACIFICO, CHILE, MILITAR"
ADIOS AL SEPTIMO DE LINEA TOMO 2,JORGE INOSTROSA ,PA-E09,,"NOVELA, HISTORIA, GUERRA DEL PACIFICO, CHILE, MILITAR"
ADIOS AL SEPTIMO DE LINEA TOMO 3,JORGE INOSTROSA ,PA-E10,,"NOVELA, HISTORIA, GUERRA DEL PACIFICO, CHILE, MILITAR"
ADIOS AL SEPTIMO DE LINEA TOMO 4,JORGE INOSTROSA ,PA-E11,,"NOVELA, HISTORIA, GUERRA DEL PACIFICO, CHILE, MILITAR"
ADIOS AL SEPTIMO DE LINEA TOMO 5,JORGE INOSTROSA ,PA-E12,,"NOVELA, HISTORIA, GUERRA DEL PACIFICO, CHILE, MILITAR"
TRIZANO,JORGE LARA CARMONA,PA-E13,,"BIOGRAFIA, NO FICCION, HISTORIA, CHILE"
MANUAL DE SOBREVIVENCIA,JORGE N. ARTIGAS,PA-E14,,"EDUCACION, NATURISMO"
GUERRA IDEOLOGICA ,JORGE SANCHEZ FUENZALIDA,PA-E15,,"ENSAYO, POLITICA"
HISTORIA DEL ARTE,JOSE FRANCISCO RAFOLS,PA-E16,,"HISTORIA, ARTE "
GENGIS KHAN EL CONQUISTADOR ,JOSE FRECHES ,PA-E17,,"HISTORIA, NOVELA "
TERCIOS,JOSE JAVIER ESPARZA,PA-E18,,"HISTORIA, ESPAÑA"
SAN QUINTIN,JOSE JAVIER ESPARZA,PA-E19,,"NOVELA, HISTORIA, ESPAÑA"
EL SECRETO DE SPINOZA,JOSE RODRIGUES DOS SANTOS,PA-E20,,"NOVELA, HISTORIA "
VINO ITALIANO,JOSEPH BASTIANICH,PA-E21,,"HISTORIA, VINO"
MITOS Y LEYENDAS DEL PUEBLO DE CHILOTE,JUAN ANDRES PIÑA,PA-E22,,"CULTURA, CHILE"
MEMORIAS DEL EDECAN DE ALLENDE,JUAN JOSE MELA TORO,PA-E23,,"HISTORIA, CHILE"
LOS TERCIOS NO SE RINDEN,JUAN PEREZ FONCEA,PA-E24,,"NOVELA, HISTORIA, ESPAÑA"
EL HEROE DEL CARIBE,JUAN PEREZ FONCEA,PA-E25,,"NOVELA, HISTORIA, ESPAÑA"
LAS RUNAS Y EL SENDERO DE LA INICIACION,JUAN RICARDO CESPEDES,PA-E26,,ESOTERICO
LAS RUNAS Y EL SENDERO DE LA INICIACION,JUAN RICARDO CESPEDES,PA-E27,,ESOTERICO
SEMIOTICA 1,JULIA KRISTEVA,PA-E28,,FILOSOFIA
DISPARA YO YA ESTOY MUERTO,JULIA NAVARRO,PA-E29,,"HISTORIA, NOVELA, "
EL PODER DE LA ESPERANZA ,JULIAN MELGOSA,PA-E30,,AUTOAYUDA
SUMERGIBLES ALEMANES EN ARGENTINA Y SUDAMERICA,JULIO B. MUTTI,PA-E31,,"HISTORIA, SEGUNDA GUERRA MUNDIAL"
RAYUELA,JULIO CORTAZAR,PA-E32,,"NOVELA, LITERATURA, CLASICO"
BERSERK TOMO 24,KENTARO MIURA,PA-E33,,MANGA
GRANADEROS ,KURT PANZER MEYER,PA-E34,,"HISTORIA, BIOGRAFIA, SEGUNDA GUERRA MUNDIAL "
WOLF,LARA TAVEIRNE,PA-E35,,"NOVELA, HOLANDES"
ORO EN LOS VIÑEDOS,LAURA CATENA,PA-E36,,"HISTORIA, VINO"
QUE ES EL ARTE ?,LEON TOLSTOI,PA-E37,,"ARTE, ENSAYO"
GUERRA Y PAZ,LEV TOLSTOI,PA-E38,,"CLASICO, NOVELA "
EL CORDON DE PLATA,LOBSANG RAMPA,PA-E39,,"ESOTERICO, NO FICCION, BIOGRAFIA"
LA CAVERNA DE LOS ANTEPASADOS,LOBSANG RAMPA,PA-E40,,"ESOTERICO, NO FICCION, BIOGRAFIA"
UNA LUZ EN LA OSCURIDAD,LOPSANG RAMPA,PA-E41,,"ESOTERICO, NO FICCION, BIOGRAFIA"
EL NEANDERTAL DESNUDO,LUDOVIC SLIMAK,PA-E42,,"ENSAYO, HISTORIA, DEBATE"
POLITICA ECONOMICA,LUDWIG VON MISES,PA-E43,,"ENSAYO, POLITICA, ECONOMIA "
CON OJOS DE GIGANTES,LUIS FELIPE BARRIENTOS,PA-E44,,CIENCIAS
OPERACIONES MILITARES DE LA GUERRA DE ESPAÑA 1936-1939,LUIS MARIA DE LOJENDIO,PA-E45,,"HISTORIA, ESPAÑA"
HISTORIA DE UNA GAVIOTA Y DEL GATO QUE LE ENSEÑO A VOLAR,LUIS SEPULVEDA,PA-E46,,NOVELA
BEAGLE 78 EN LA ESTELA DE PRAT,LUIS SIEBERT CRISTI,PA-E47,,"HISTORIA, CHILE, CONFLICTO BEAGLE"
99 CONSEJOS SOBRE PUROS,LUIS T. MELGAR GIL,PA-E48,,PUROS
LA CANCION DE AQUILES,MADELINE MILLER,PA-E49,,"NOVELA, HISTORIA, GRECIA"
EYES IN GAZA ,MADS GILBERT,PA-E50,,"FOTOGRAFIA, ENSAYO, CRITICA, INGLES"
CALEUCHE,MAGDALENA PETIT,PA-E51,,"NOVELA, CHILE"
MISTERIOSA BUENOS AIRES,MANUEL MUJICA LAINEZ,PA-E52,,NOVELA
MEDITACIONES,MARCO AURELIO ,PA-E53,,"CLASICO, FILOSOFIA "
EL ASESINATO DE SOCRATES,MARCOS CHICOT,PA-E54,,"NOVELA, HISTORIA"
JOAN MANUEL SERRAT,MARGARITA RIVIERE,PA-E55,,BIOGRAFIA
ARTIFICIAL,MARIANO SIGMAN,PA-E56,,"ENSAYO, CIENCIA, DEBATE"
EL PODER DE LAS PALABRAS,MARIANO SIGMAN,PA-E57,,AUTOAYUDA 
LA CONSPIRACION DE ACUARIO,MARILYN FERGUSON,PA-E58,,ESOTERICO
VIAJE AL BIG BANG,MARIO HAMUY,PA-E59,,CIENCIAS
LE DEDICO MI SILENCIO ,MARIO VARGAS LLOSA ,PA-F01,,NOVELA
MEMENTO MORI,MATIAS REEVES,PA-F02,,FILOSOFIA
CAMINO A LA CIMA,MAURICIO PURTO ,PA-F03,,BIOGRAFIA 
OPERACION CASTIGO,MAX HASTINGS,PA-F04,,"HISTORIA, EUROPA, SEGUNDA GUERRA MUNDIAL"
LA CRISIS DE LOS MISILES DE CUBA 1962,MAX HASTINGS,PA-F05,,"ENSAYO, HISTORIA"
BLACKWATER LA RIADA I,MICHAEL MCDOWELL,PA-F06,,"NOVELA, TERROR"
DON QUIJOTE DE LA MANCHA (RESUMEN),MIGUEL DE CERVANTES,PA-F07,,"NOVELA, CLASICO"
DON QUIJOTE DE LA MANCHA,MIGUEL DE CERVANTES ,PA-F08,,"NOVELA, CLASICO"
BERNARDO DE GALVEZ ,MIGUEL DEL REY,PA-F09,,"HISTORIA, ESPAÑA"
EL CICLO RACIAL CHILENO,MIGUEL SERRANO,PA-F10,,"ESOTERICO, CHILE"
QUIEN LLAMA EN LOS HIELOS ?,MIGUEL SERRANO,PA-F11,,"ESOTERICO, CHILE"
NI POR MAR NI POR TIERRA,MIGUEL SERRANO,PA-F12,,"ESOTERICO, CHILE"
LA BRUJULA DEL ALMA ESTA MARCANDO EL SUR,MIGUEL SERRANO,PA-F13,,"ESOTERICO, CHILE"
MAYA LA REALIDAD ES UNA ILUSION,MIGUEL SERRANO,PA-F14,,ESOTERICO
MAYA LA REALIDAD ES UNA ILUSION,MIGUEL SERRANO,PA-F15,,ESOTERICO
MANU POR EL HOMBRE QUE VENDRA,MIGUEL SERRANO,PA-F16,,ESOTERICO 
EMINENCIA,MORRIS WEST,PA-F17,,"NOVELA, THRILLER"
LA ULTIMA CONFESION ,MORRIS WEST,PA-F18,,"NOVELA, HISTORIA, THRILLER, FICCION, BIOGRFIA"
EL OJO DEL SAMURAI,MORRIS WEST,PA-F19,,"NOVELA, POLITICA, THRILLER"
EL ABOGADO DEL DIABLO,MORRIS WEST,PA-F20,,"NOVELA, FICCION, THRILLER"
MAXIMAS Y PENSAMIENTO,NAPOLEON,PA-F21,,"FILOSOFIA, HISTORIA, BIOGRAFIA "
THE SCARLETT LETTER,NATHANIEL HAWTHORNE ,PA-F22,,"NOVELA, INGLES"
VENCER O MORIR: CRISIS DE 1978,NAVAL 77,PA-F23,,"HISTORIA, ENSAYO, CHILE, MILITAR, CONFLICTO BEAGLE"
ASTROFISICA PARA GENTE APURADA ,NEIL DEGRASSE TYSON,PA-F24,,CIENCIA
MITOS NORDICOS,NEIL GAIMAN,PA-F25,,MITOLOGIA
MOMENTOS DE LA ANTIGUA ROMA QUE CAMBIARON EL MUNDO,NESTOR F. MARQUES,PA-F26,,"ENSAYO, HISTORIA, ROMA"
EL MISTERIO DE BELICENA VILLCA ,NIMROD DE ROSARIO,PA-F27,,"NOVELA, ESOTERICO"
EL FANTASMA DE CANTERVILLE,OSCAR WILDE,PA-F28,,"NOVELA,CLASICO"
TIGRES EN EL BARRO,OTTO CARIUS,PA-F29,,"HISTORIA, BIOGRAFIA, SEGUNDA GUERRA MUNDIAL,  MILITAR"
ORDEN Y PATRIA ES NUESTRO LEMA ,PABLO ISLA MONSALVE,PA-F30,,"ENSAYO, NO FICCION, HISTORIA, POLITICA, CHILE"
"ARTE, VISUALIDAD E HISTORIA",PABLO OYARZUN,PA-F31,,"ENSAYO, ARTE"
ATROFIA,PABLO PANIAGUA PRIETO,PA-F32,,"ENSAYO, ECONOMIA, POLITICA, CHILE"
BONAPARTE 1769-1802,PATEICE GUENIFFEY,PA-G01,,"HISTORIA, BIOGRAFIA"
ERCILLA Y LAS CONTRADICCIONES DEL IMPERIO,PATRICIA CERDA,PA-G02,,"HISTORIA, CHILE "
LA GUERRA EN CAUTIVERIO,PATRICIO IBARRA CIFUENTES,PA-G03,,"HISTORIA, GUERRA DEL PACIFICO, CHILE"
DOY POR SOÑADO TODO LO VIVIDO,PATRICIO MANNS,PA-G04,,BIOGRAFIA
THE NAME OF THE WIND,PATRICK ROTHFUSS,PA-G05,,"NOVELA, INGLES"
INTELECTUALES,PAUL JOHNSON,PA-G06,,"ENSAYO, CIENCIA, LITERATURA"
NOVIEMBRE 1942 UNA HISTORIA ,PETER ENGLUND,PA-G07,,"HISTORIA, SEGUNDA GUERRA MUNDIAL"
EL ULTIMO ASESINO,PETER STOTHARD,PA-G08,,"NOVELA, HISTORIA, ROMA"
BATALLA DE VALPARAISO,PIERO CASTAGNETO,PA-G09,,"HISTORIA, CHILE"
SENTENCIA Y VERSOS DE ORO,PITAGORAS,PA-G10,,"CLASICO, FILOSOFIA"
EL CODIGO SECRETO,PRIYA HEMENWAY,PA-G11,,"ENSAYO, NO FICCION, ARTE"
BAQUEDANO,RAFAEL GONZALEZ,PA-G12,,"BIOGRAFIA, NO FICCION, HISTORIA, MILITAR, CHILE"
LOS PONCHOS A LA CINTURA,RAFAEL GONZALEZ AMARAL,PA-G13,,"NOVELA, HISTORIA, GUERRA DEL PACIFICO, CHILE, MILITAR"
¿PORQUE CHILE GANO LA GUERRA DEL PACIFICO?,RAFAEL MELLAFE MATURANA,PA-G14,,"ENSAYO, HISTORIA, NO FICCION, MILITAR, CHILE, GUERRA DEL PACIFICO"
TACNA LA BATALLA TRASCENDENTAL,RAFAEL MELLAFE MATURANA,PA-G15,,"ENSAYO, HISTORIA, NO FICCION, MILITAR, CHILE, GUERRA DEL PACIFICO"
LAS BATALLAS POR LIMA ,RAFAEL MELLAFE MATURANA,PA-G16,,"ENSAYO, HISTORIA, NO FICCION, MILITAR, CHILE, GUERRA DEL PACIFICO"
LA GUERRA DEL PACIFICO,RAFAEL MELLAFE MATURANA,PA-G17,,"ENSAYO, HISTORIA, NO FICCION, MILITAR, CHILE, GUERRA DEL PACIFICO"
21 DE MAYO DE 1879 IQUIQUE Y PUNTA GRUESA ,RAFAEL MELLAFE MATURANA,PA-G18,,"ENSAYO, HISTORIA, NO FICCION, MILITAR, CHILE, GUERRA DEL PACIFICO"
JAMAS VENCIDOS,RAUL OLMEDO DROGUETT,PA-G19,,POESIA
EL PATIO DEL PODER,RENATO GARIN GONZALEZ,PA-G20,,"ENSAYO, POLITICA"
SOLDADOS DE UNA GUERRA QUE NO FUE,RICARDO AVELLO AVILA,PA-G21,,"HISTORIA, CHILE, CONFLICTO BEAGLE, CRONICA, NO FICCION"
JUAN SALVADOR GAVIOTA ,RICHARD BACH,PA-G22,,NOVELA
EL ARTE DE LA GUERRA: PASATIEMPOS ESTRATEGICOS,RICHARD GALLAND,PA-G23,,AUTOAYUDA
LAS PRUEBAS DE APOLO EL ORACULO OCULTO,RICK RIORDAN,PA-G24,,"NOVELA, FANTASIA"
HEROES NORDICOS,RICK RIORDAN,PA-G25,,MITOLOGIA
THE 33 STRATEGIES OF WAR ,ROBERT GREENE,PA-G26,,"AUTOAYUDA, HISTORIA, MILITAR"
HISTORIA DE ALEMANIA,ROBERT HERMANN TENBROCK,PA-G27,,"HISTORIA, ALEMANIA"
ROMA UNA HISTORIA CULTURAL,ROBERT HUGHES,PA-G28,,"HISTORIA, ROMA"
THE STRANGE CASE OF DR JEKYLL AND MR HYDE,ROBERT LOUIS STEVENSON,PA-G29,,"NOVELA, THRILLER, INGLES"
PADRE RICO PADRE POBRE,ROBERT T. KIYOSAKI,PA-G30,,"ECONOMIA, AUTOAYUDA "
NUESTROS AÑOS VERDE OLIVO,ROBERTO AMPUERO,PA-G31,,"NOVELA, HISTORIA "
NUNCA VOLVERE A BERLIN,ROBERTO AMPUERO,PA-G32,,"NOVELA, HISTORIA "
EL CLUB DE LAS 5 AM,ROBIN SHARMA,PA-G33,,AUTOAYUDA 
HEIDEGGER Y LA EXISTENCIA PROPIA,RODRIGO BRITO PASTRANA,PA-G34,,"ENSAYO, FILOSOFIA "
LOS INMORTALES DEL MORRO DE ARICA ,RODRIGO UGALDE PRIETO,PA-G35,,"HISTORIA, CHILE, NO FICCION, MILITAR, GUERRA DEL PACIFICO"
"BATALLON ATACAMA, EL MAS BRAVO ENTRE LOS BRAVOS",RODRIGO UGALDE PRIETO,PA-G36,,"ENSAYO, HISTORIA, CHILE, GUERRA DEL PACIFICO "
LA ODISEA DE CABEZA DE VACA,RUBEN CABA ,PA-G37,,"HISTORIA, AMERICA"
SCHOPENHAUER Y LOS AÑOS SALVAJES DE LA FILOSOFIA ,RUDIGER SAFRANSKI,PA-G38,,"ENSAYO, FILOSOFIA"
ROMA SOY YO,SANTIAGO POSTEGUILLO,PA-G39,,"NOVELA, HISTORIA, ROMA"
LAS LEGIONES MALDITAS,SANTIAGO POSTERGUILLO,PA-G40,,"NOVELA, HISTORIA, ROMA"
EL DELFIN,SERGIO BAMBAREN,PA-G41,,NOVELA
HEILIGE RUNENMACHT,SIEGFRIED ADOLF KUMMER,PA-G42,,"ALEMAN, ESOTERICO"
HEILIGE RUNENMACHT,SIEGFRIED ADOLF KUMMER,PA-G43,,"ESOTERICO, ALEMAN"
EDDA MENOR,SNORRI,PA-G44,,"MITOLOGIA, POESIA, LITERATURA"
NOVELA DE AJEDREZ,STEFAN ZWEIG,PA-G45,,NOVELA
UNDER THE DOME,STEPHEN KING,PA-G46,,"NOVELA, CIENCIA FICCION, THRILLER "
EL ARTE DE LA GUERRA,SUN TZU,PA-G47,,"CLASICO, MILITAR "
LAS DOS RAZAS LA CHILENA Y LA PERUANA,T. DIMITRIJEVICH,PA-G48,,"ESOTERICO, HISTORIA"
EL GATO QUE VENIA DEL CIELO,TAKASHI HIRAIDE,PA-G49,,NOVELA
CRUZADA EN JEANS,THEA BECKMAN,PA-G50,,NOVELA
MIGUEL ANGEL LA OBRA COMPLETA,THOMAS POPPER,PA-G51,,"FOTOGRAFIA, HISTORIA, EUROPA"
LA GUARDIA PRETORIANA DEL III REICH,TIKAL,PA-G52,,"FOTOGRAFIA, HISTORIA, SEGUNDA GUERRA MUNDIAL, MILITAR"
CHEMICAL SECRET,TIM VICARY,PA-G53,,"NOVELA, THRILLER, INGLES"
RUBICON,TOM HOLLAND,PA-G54,,"ENSAYO, NO FICCION, HISTORIA, ROMA"
DINASTIA ,TOM HOLLAND,PA-G55,,"ENSAYO, NO FICCION, HISTORIA, ROMA"
EL PENDULO DE FOUCAULT,UMBERCO ECO,PA-H01,,"NOVELA, FICCION"
EL SUPERHOMBRE DE MASAS,UMBERTO ECO,PA-H02,,"ENSAYO, NO FICCION, LITERATURA"
UNIVERSIDAD DE SALAMANCA TOMO 1,UNIVERSIDAD DE SALAMANCA,PA-H03,,"HISTORIA, CIENCIA, ESPAÑA "
UNIVERSIDAD DE SALAMANCA TOMO 2,UNIVERSIDAD DE SALAMANCA,PA-H04,,"HISTORIA, CIENCIA, ESPAÑA "
EL LIBRO DE URANTIA,URANTIA,PA-H05,,"HISTORIA, ESOTERICO "
EL PROGRESISMO Y LA CULTURA DE LA MUERTE,VANESSA KAISER,PA-H06,,"POLITICA, CHILE"
ENEIDA,VIRGILIO,PA-H07,,"HISTORIA, GRECIA, CLASICO"
2DA GUERRA MUNDIAL LOS MAS FAMOSOS REPORTAJES GRAFICOS TOMO 1,VISCONTEA,PA-H08,,"FOTOGRAFIA, HISTORIA, SEGUNDA GUERRA MUNDIAL"
2DA GUERRA MUNDIAL LOS MAS FAMOSOS REPORTAJES GRAFICOS TOMO 2,VISCONTEA,PA-H09,,"FOTOGRAFIA, HISTORIA, SEGUNDA GUERRA MUNDIAL"
2DA GUERRA MUNDIAL LOS MAS FAMOSOS REPORTAJES GRAFICOS TOMO 3,VISCONTEA,PA-H10,,"FOTOGRAFIA, HISTORIA, SEGUNDA GUERRA MUNDIAL"
ELON MUSK,WALTER ISAACSON,PA-H11,,BIOGRAFIA 
TIEMPO DE MAGOS,WOLFRAM EILENBERGER,PA-H12,,"NOVELA, FILOSOFIA "
ESPERANDO AL GATO,XEBE DIAS,PA-H13,,POESIA
EL MAESTRO DE GO,YASUNARI KAWABATA,PA-H14,,NOVELA
NEXUS,YUVAL NOAH HARARI ,PA-H15,,"ENSAYO, CIENCIA, DEBATE"
CUBA (TURISMO),HARVARD,PA-H16,,"TURISMO, CULTURA "
DUTCH A COMPREHENSIVE GRAMMAR,MASSIMO WINSPEARE,PA-H17,,"IDIOMAS, HOLANDES"
DUTCH AN ESSENTIAL GRAMMAR,CAV,PA-H18,,"HOLANDES, EDUCACION"
MICHELANGELO,CAV,PA-H19,,"TURISMO, CULTURA, ITALIANO"
I MEDICI,COSAR EDITORES,PA-H20,,"TURISMO, CULTURA, ITALIANO"
BOLT ACTION,BRUCE DONALDSON,PA-H21,,JUEGO DE MESA
BAILAMOS UN POQUITO ?,JORGITO PARRILLERO,PA-H22,,COCINA
GRAMMATIK GANZ KLAR,HUEBER,PA-H23,,"IDIOMAS, ALEMAN"
BATMAN 8O ANIVERSARIO TOMO 12,DC COMICS,PA-H24,,COMIC 
MINIPEDIA TOMO 03,SCALE EDITIONS,PA-H25,,"MINIATURAS, PINTURA"
PANTHER VS T34,ROBERT FORCZYK,PA-H26,,"HISTORIA, REVISTA"
ARTE,WILLIAM Z. SHETTER,PA-H27,,"FOTOGRAFIA, ARTE"
IRON FIST TOMO 28,MARVEL,PA-H28,,COMIC 
LOS INHUMANOS TOMO 30,MARVEL,PA-H29,,COMIC 
HULK TOMO 04,MARVEL,PA-H30,,COMIC 
GUARDIANES DE LA GALAXIA TOMO 14,MARVEL,PA-H31,,COMIC 
PUNISHER TOMO 20,MARVEL ,PA-H32,,COMIC 
DOCTOR STRANGE TOMO 26,MARVEL,PA-H33,,COMIC 